{
  "config_name": "baseline",
  "total_questions": 7,
  "correct": 4,
  "incorrect": 3,
  "accuracy": 0.5714285714285714,
  "dev_accuracy": 0.5,
  "val_accuracy": 0.6,
  "holdout_accuracy": 0.0,
  "avg_iterations": 6.857142857142857,
  "avg_tool_calls": 6.285714285714286,
  "avg_latency": 52.79397300311497,
  "generalization_score": 0.6
}